filename,scene_label
49f03553cf0a4744ac2af9fa55703bb321_2,Metro
c9df403f51b24b2db43b94c36b4095be18_2,Airport
8017abbf0b504fb6959e03e0f000b62616_1,Restaurant
1407ee1f613f4866a154d3598513125818_1,Bar
9ce6db970dd148abb5e92df3f917a4eb17_2,Metro
14a9ce7b7c3f4f48a74951afbdcdfc6133_2,Bus
131dba22c138416fad1ae25a3a2656c631_1,Bus
10bb56cfae5b444984c55c26cfaafe509_1,Metro
9220dd23c5654c27ae143936e4d742877_2,Urban park
14ceba3f764f48bb8c655a80835453c425_2,Airport
2a12e40324eb4e438353a71fb0ed7f2c25_2,Traffic street
b1f42f6be4e44a8aacc0a7a13ab8dc8b55_1,Restaurant
7d6a50ce843a4d32afdce06d57eed18339_1,Bar
059b708012ba42c280c9cffd94f15b8620_2,Construction site
246a428f4f2d4dedafa5ac4e8ff5e62120_2,Metro
00b5064d44554fbbb3702178011ff04d6_1,Airport
1c3fcd019b5a4ba89b6dd3b32b54b82f9_2,Airport
4bb406b7c9d849668fb25ffb6cfcc47147_2,Public square
30e141eb02ef4620bf55a1f330437dd130_2,Bus
84ad5ab137c14e3b9faa3faf8daf36226_1,Metro
233afc27ec8d498ca2e7331dd355d6ee22_1,Urban park
4a153aae3ad144b5a3d1d9532d64ee0c14_2,Shopping mall
42f6b7909e6c4db1bce87334dd4d4c4850_2,Bus
18c9f82a4f48449cbd208c4a97e395f338_2,Metro
cc9a2da966d14c658a2a850990dca4ee7_2,Traffic street
0ef674fcc98d43d6a6957b34cf4f5ce74_2,Traffic street
73bdd2ab8f7f4cc5a521f4f6a0ce163337_1,Airport
35a108a9a84c4a6f85f6fb895854779a41_2,Airport
3132591f8e364f4c88e438a4bc89f51318_1,Traffic street
353cfc57742a4eccb5d851695314227853_1,Traffic street
a19f249e8f7c41a7b91740a1d85ff74941_1,Bus
6504e6b0548f4d28839ac8be14ee1dac43_2,Airport
995e248914ee411bb79ff69179da856251_1,Metro
75a006d384b24930b7b81a001208927427_1,Construction site
164c95424feb4d5bbfe0884a7afc1e027_1,Public square
9ec3c5fe35584250ab5731c8aeb123a926_1,Airport
3f6f5adcea694d98b6b23d46b6e21f9f60_1,Airport
2027e06ca0c942cc8e5fff185b4ecf4a19_1,Construction site
c55e773c11d8488e8668700c41b0013e60_2,Airport
23b84808adec4799816bb8b062ce8a7b4_1,Airport
3fa49c708e594ad88895a4e3926dd30447_1,Airport
973c7b69fec04ebbb546ae4e3ad2fca148_1,Bus
4ebf9b3e0e194cac8486056c4aa430dc41_2,Airport
ca3ab911e6e84b75af707a7b0db1c60d16_1,Public square
317f67a478de4bae9486796d71df66b62_1,Urban park
7c4129da06954b50a9455c6e82cc296057_1,Metro
64edc0d5f7694d7d97d12d15d8aabc9054_2,Bar
c5376790e6a04b49b857593d8f9303b524_1,Airport
4ec622347375421fb96465abffe6b75046_1,Urban park
696a216b83124ef9857d40c2a5ea02b454_2,Construction site
1366f330d6b74f03b5ac3455cc1099c614_1,Airport
4aa73414706b492ba6fbcd27b2d688fa39_2,Public square
4d6d11984d734a41876dea0b105ac52010_2,Airport
47c87e963f994d5183d082c35bc0e07440_2,Restaurant
25c744f73d6e4ae5b78f096079891c7c21_2,Airport
1e799dede927472b8b73ed6eb557bcdc17_2,Construction site
477124ad900a461b883caba0abdf35aa52_1,Metro
1ac09bc41e4340998b9d598cd0db156f11_2,Construction site
5a6868ea5e884e3a828461c0dea4191756_1,Airport
74d18915c9b7424db043ccf42899bf2442_1,Airport
4f89a96d36474767b5d9b8af009ea7c36_2,Metro
829dc2f77ce24593b4f9226355158fec18_2,Shopping mall
5e398a644f244340a8a8233170e1c23f56_2,Shopping mall
272aa0c601e9405e8f151bbb9ba8d86f57_2,Bar
65ec9a5e56404a8184598de49ce4104147_2,Shopping mall
7a7a1f38a90640bbba11a6f48aed8ea438_2,Bar
2a860fa6abf84ba9bf37cdc7408abec07_2,Restaurant
2a8dc3cccad547b592408ce9bee4a27150_1,Metro
27c8a8b0ea4048109fe00b5a2ded08ee31_2,Airport
57bd965d5be042b1978eebd3bc99712223_2,Restaurant
1793b83bc86541a68e2388a6b0df8d8723_1,Traffic street
13db91fe2c8c4025ae82513d713b942b49_2,Restaurant
ab0c19b72b494272919fda78e32d8f7a16_1,Restaurant
577cbaaf88944b449939cb3c90c2a8d419_1,Airport
407e7d5eb203495791507ffe2e92dddd2_2,Airport
d23a16054b404fdb983e6402408c7d9653_2,Traffic street
178cd4eb752f4e0b96f56b53947ceb6e23_1,Construction site
fbd1f350fd3646c7a914cab6f30c756313_1,Urban park
d3534bede0db4216b3020ef397c1ea8d58_1,Public square
346e761ec52948f883eb8b9d46830ca650_1,Urban park
3558039f67244b3b857a733f8bb2620c50_2,Urban park
31d525ae919a4d17b08af7d568365e0513_2,Airport
15ad9d5742324c008ab85d3bfe4ed31b15_1,Shopping mall
a4d47a80ec2d4dc183708ee9bc83efbf31_1,Traffic street
405bc85de3664bd091703e570057e1f46_2,Urban park
ee687f9dafd44465afdda3029a47825c29_2,Airport
75b508f460984568b24d5e6cb53ef99126_2,Bar
8879cfd6eac74bdf8f2e2488a91ae83424_2,Shopping mall
325d057fe6914ce6bc546d6eb2e07d044_1,Urban park
24275a6156174ed0a997cda6663786654_2,Traffic street
1247fef2e14b4a259ea27d9679fa5bae56_2,Bus
f14d72224ed74c29a93117acdc0bdfbb29_2,Urban park
61f33a98948b453ba4927a96bd6213b137_2,Restaurant
1260f63849f247588436b68521f30f9f28_2,Construction site
41d4f3bd7d8d4928a3522f6f20f2edce36_2,Public square
99111094dcba470a9d16fbf3c3e5927d28_1,Urban park
acb6b9ce187745a197b72ae6b5514bd231_2,Bar
27d2a600d57948f2b78b9ee56fa3a4cd42_1,Airport
1cebf84a894e43f29ff3868179d2105e14_1,Metro
de910ada33154072b898c81e685fdec454_2,Airport
5d74b4eb5d074b99ba5aa66e906ae87a8_1,Restaurant
2c7c79a852284788895825cc5cd6e61c4_1,Restaurant
0fc005a546b64f0ea871d704a5c7f8e443_1,Shopping mall
c0cec70ccb564cc99c85b3b1986fda1e38_1,Restaurant
16454ad39f3648e2875b57048b3743cf35_1,Shopping mall
96610d8050e34bd08667203b2c0ed35112_2,Metro
48e8e4b45f504d8588bb78da6031925a36_2,Bus
905d67301197465a9bfc35973ac19a7929_1,Construction site
12af0432c74e4fbfab829890a8a49c3b19_1,Metro
18394536c42e4cf9b82b8db3325b36a438_2,Public square
8abbaba218c04b7c8d1d78b510a1dc1710_1,Metro
0cc459cb75fc40559021147b3f012dfb15_1,Shopping mall
159153130fc84ee3bc80eaf047c75bb56_1,Airport
3461e675d39948ad864bd5c4ef065d5c28_1,Airport
3e0846b8bb4c44dfbb67c1f09f52178c31_2,Metro
17065ece3855478c9d1b513ac1777f779_1,Urban park
6a1f1703706444fca7ee73f20fe85f6a37_2,Restaurant
210d4c0f677c477a8828bdc783beaaf737_1,Bar
2e2219de22f04351995460e823301aae22_1,Shopping mall
0c2fd9c070ff40c593252b2f17e51d4d53_1,Bar
2b52762898e64d6e87b363c5fef8808d19_1,Urban park
45cc0a8cd54043c499752a071a0c5de76_2,Construction site
1ae3ced006064a63ae4993001147024447_1,Traffic street
177296158eea4ccb8e5478d855feb50d59_1,Urban park
974e93fef6aa4ab6b7d67b9870db2bee57_2,Urban park
92dc81a8466e4d328f7167e11f85afdd32_1,Urban park
3329f712f18a40b0bb02e628ca49e41526_2,Restaurant
b1b32ffd26894faf96eeeaecbcfe5bdc42_1,Public square
12b75f4e7705466e96f2baa9d6fbccfd47_2,Bar
6eb953d7d8d941279a93f475b9a83a5152_2,Shopping mall
c0fac441350b417eafdf35d276602ad624_2,Airport
0f263c36e00a4954bb3e790696df052423_2,Bar
192766456fe4495fb2b3b9f67cdf4d6c28_2,Construction site
18c88cd4fccf45ba8653201a4527f69e43_2,Shopping mall
741ef9cd7ba645ddb69611d5739d987253_2,Restaurant
bcd6c87aed2e40d2916d5d06a65aafc550_1,Airport
51b513aba69e494793c50227a72dfe1b57_1,Airport
84415c392033488983c69144cd05a8ae25_2,Construction site
d2074d50667c435281e61d0d1ec8c9f252_2,Bar
0c3c52b122964828aafa3885b7dcf7b343_2,Public square
7eb1d9f322924e4482dd32e2ef37a90251_2,Construction site
6295e0feaad54c94b3c1c4aa783f573c48_1,Restaurant
a0c279de977e41508c3c2a39af89cced11_2,Airport
bfcfbc3fcf0e4aa9bb0599129b76524e23_2,Public square
2fe640a8b5f54ee5b861dbf8db9df4ea34_1,Traffic street
c5cf699e2a134985a5153ffbb3e070f837_1,Urban park
162ed755d58848d3b72144beb64b75074_2,Restaurant
99b260ed32fa4888918c6c2df203269e8_2,Construction site
59dbb316620245dc91bade5ef087933a19_2,Airport
082e57aaca5746ec843aada36ddf59aa33_1,Airport
9bb3e42fc1cb45db89d444cc2b8cb94f12_2,Construction site
7d8f5173c58d4c678ed48f1650a687e416_1,Airport
47c745d2bb5046de8f2ddcef1140ef6760_1,Restaurant
0bdfc3a062644a8299896c91d2b2a7696_2,Traffic street
29d394981be8416bb65aa3e7ef07b39459_2,Airport
4594e93adf814eb6a2bfc8fc6de7d45f2_1,Urban park
99089e9cca0a4be9bfab69eea8d88ca447_2,Metro
02d864de6fc94814a146de441af34a0558_1,Traffic street
0524675352a9482e963bc67d224470f922_2,Airport
08838f53c34646e2b34655ea403c7da520_2,Bar
2d2a1734b0bf4d75b4e0e7b0e45eba623_1,Shopping mall
5b107539b7c9429997720bccd8b4334c33_2,Public square
4d4cd6b207d84cd6832ac38465ccbbb248_2,Construction site
9d8ec13b6e734fe9a1932a8b43d8bb2341_1,Construction site
d81510cfc9984403b6ddbaa2581da64c24_1,Airport
1893f439dee14c5eb0010775d68603c440_1,Traffic street
6eb568d3e20d40a9a96461e67d2c9f2455_2,Shopping mall
c747ae841db14fc1ab8aa271c9b7897f28_2,Airport
bd385bc0ad814c77905070536631de0515_1,Traffic street
35f2c4ca8afb4fe1ba76793084f9b33c3_1,Shopping mall
860dbee8fd3840748ecd68f58e5e319946_1,Airport
58da2359babb4a22afc3dfc7f35ec91e14_2,Restaurant
5eaa9b97757345d392b42bb479a8c0a831_2,Airport
3e953cde96b14bf0940bd9f1af70562440_1,Airport
036d5d64a8c24f22a46e6562aa99026a49_2,Airport
76ade39c53fb45e785f80b84cd3bc5f036_1,Metro
77488945613c4705b7365fc87596743618_1,Shopping mall
13189c2a9da94b8f86660eca0b1ed3e119_2,Shopping mall
3e576d28038446edba67cddd8181252534_1,Public square
4fc54b7eb006464387413610c69defe022_1,Traffic street
3463b62f65864b32b20f3a4a850b0acb45_2,Urban park
a99d677bf30546169d6c17a9e6c100ec31_1,Shopping mall
6b6960fa211f4e40bff061f20ce8ff2647_2,Airport
00c22e1c92d54b5697edc783c4b2a35e34_2,Airport
4739695d488448738eabd66cc5b11b5e3_1,Metro
1944a90a94034cb28823423efbcb30be46_2,Shopping mall
51af4e75ccc74f3d8518a75cfbea6cdf26_2,Construction site
1abebb939d3b414eaa9d3c39d426a9e06_1,Construction site
755b0c6cb477430a8929102361fe6dbd20_2,Construction site
60cc73dd4c384a35ac1723b228ae7ea355_2,Bar
4725af7795de4ac2bec319f59ccfb97a30_2,Metro
1eaad77092624be3b3ba22bf209656b052_1,Restaurant
3347fe2c7bcc4a1c8ecdd0f62011aa1821_2,Urban park
0b854fff4cb94ecb9d18b49a12e1e77527_1,Bus
8e436ba7d07a44d093a60727ed46625857_1,Airport
cfca050b038f4ac4b89895d8457d02e751_1,Traffic street
766f5a7ecd4d46c1abd378db1d9d1db025_1,Urban park
1a645ac516d34dd9aa785f1b5bcc16b149_1,Urban park
2f626ddc4fbf4cbcb52da7f2aa32dc7734_2,Shopping mall
afa257fe61644e069c1d822c4a7ccbe921_1,Urban park
5d9239077e8840f5808de3b016356a8c17_1,Public square
1a6eb1650f124670ae4cb62b0621e8d611_2,Shopping mall
154c7d13c5644364a70442a160f820bc48_1,Construction site
3284da73dde24274b69952085949456915_2,Airport
b80ca9c73a5945e2971d59e423543a0544_1,Airport
3473b6f6bb1f4207b2cbb2869f80a85917_2,Construction site
4c641be380384188a87538129760f7ea57_2,Airport
9db27b1d32154a3c90d4d506da92109411_1,Construction site
6f1a010356764acfaa148000440271f127_1,Restaurant
27c50eec64fe43eb834c1a3fc81ed3ac25_1,Shopping mall
672769dfb1934b38b6c7d3b4be4de14439_2,Airport
82f864906f40484092551d098b7d6c8d24_2,Restaurant
86945fd9faea4529b70d392f529deb0014_2,Bus
519cd5f61f8645d88312492362b043a325_1,Metro
947a19d0ef9e4b98af9592eb4c012f3c17_1,Airport
7e0e5c3c5d7645818c2f4c219456998121_1,Metro
24bd336a73ab42bea2abbaaf4da97e0b4_1,Airport
6a7762b3cfa24e9ba3402730833c46d835_1,Traffic street
5229a430ed0b453a81c639917e83da9446_1,Public square
51e711e52dc546c08b7d9c7c9146b25e10_2,Airport
b58829e609564f37afae0c48a5b8e12b25_2,Airport
1d7984eebb454ed49391d4c71afa340416_1,Construction site
2a381b053c354cdb9328cf99f0b1f1a923_1,Metro
426d9784b82447f58c289136049ed94b59_2,Construction site
0aaf7281e5a4461c89f7ae7c5a31e97a22_2,Traffic street
0ab253015de74ece827f62858f5f8a0250_2,Restaurant
9de2bb5695294f139dfd0a1171897fa239_2,Urban park
4a298cc9b49544c1bcae571e93ceddca33_2,Restaurant
a8f7e29638564f52ac6578cf65276e9222_2,Construction site
01fc1222969f4f6d9c7cf0023f3deefa12_2,Shopping mall
a965b93a52334cd6b2639bfa84cd763318_2,Traffic street
442230dfaabe4c2eb871325b6d8d8de223_2,Restaurant
3f762e4c3b134f6990488e5f31dd673b19_2,Traffic street
b968cb6f92674d5f9c6387c23d98cc4a21_1,Bar
428c9297074140aabc20569e38eb7f8729_1,Bar
53bef42f768640538b95ad609054aedb20_2,Urban park
348b1d71f08944ea96e97090b483b01d5_1,Metro
3e80fa3eba8444fdabc0dc491bd3746251_1,Restaurant
244d242c4ba146fbaf43a4a23732dfe627_2,Metro
ad78fdd3676c4ec1aab224536b2b4dac40_2,Construction site
078a7daeed8542058dfd90cb6f098b347_1,Metro
014f6bd9046040fd9cd7ec99a7c5952c59_2,Restaurant
15d2a5cf31a647359137d4f6b63fdab44_2,Shopping mall
04a1be42f2144bbe9af41568428bc42c22_2,Metro
2014e3b78d0a4831a07563025afd8a2023_2,Construction site
24fe1052dbdd4db98f66b61316f3167924_1,Restaurant
cd1b1cb506ed4372a2606ddea74b2ecb27_1,Public square
180a5d153f2c4c89a2f8684af3ea227838_2,Metro
381d2445fdf94ec299531deb94d9c9874_1,Traffic street
2ed7c9b196b74c00aa974c57916619c832_2,Construction site
03540f662a704490841332515c6243a841_2,Bus
9539dbdbe839489e8b9856c951034df729_1,Urban park
6f6d766616114506bde6ece0ec70ae925_1,Traffic street
05c424f3d4df4efd9ed12abdd7d9a02b21_2,Airport
0862da2945ea4827ae8f80858398dd6d8_2,Bar
4b262d4d860f4603abfd430d08dbcc135_1,Public square
0c6b0ea94e154d2ebb8a2dae8bd56dd355_1,Traffic street
607cf89485a1403bb11b9a94a432afce22_1,Urban park
168763c90a1c4f079f24855302c6f6976_1,Airport
8563a17584ef4d5993ac6a4f78b8752838_1,Shopping mall
7a2b49c3fa344d2eb86332a9016c625829_2,Airport
08cfa095ae214d80a24d0d0c9fbee77c57_1,Airport
5706104071fe44c3b374628127cf5afb41_1,Bar
9111abbda0a540a09e07d70ab749b70310_2,Traffic street
b4da802a83d44e1d8444f2ccfe232e3059_2,Public square
3a3569bb544f4937a7e28c91afd240b35_2,Bar
08b185bf489543e7a7d333f9c55a27fc15_1,Bar
129b9702298f433298ecb5faad7a373d14_1,Airport
9b5fae980999421d968193b3d69a929e12_1,Airport
334e31c379c0434a9601c8615d9a6b3a56_2,Bar
48ce0a1288bd47029bd1213e4c7f0fd644_1,Airport
a0eab628adc0474e944d791c3d2cef4b29_2,Restaurant
0d8ad67dcbb446d2a3a3b37b6ce88cb636_1,Shopping mall
c306b766d43049c19d57d3f426842ea930_1,Bar
4b809fa5b4fe424aaa99ee4abc433ce224_2,Shopping mall
1482792df2824e4c93b45bd4c31ea7e06_2,Public square
3140fdf7c5db4568bf2eba420336ca6e3_2,Bar
bbb003e479d74335bae6516db119484b55_2,Airport
6b2502a5459d4856aab07a1141630ea846_1,Airport
1e71efec7949496fb920be85f16e1c3838_1,Shopping mall
1bfd7ec5fe6542acb1b0855a691f351144_2,Airport
14795462653f428f8979e713ad8665ab16_2,Metro
4e7117a3f8714a9998555acee78a9e997_1,Shopping mall
06b7d6adc5064116bfa9e88b32b8aee059_2,Construction site
39673221706b4736a647206ac6bc256258_2,Urban park
34a1cff74efd42db8ba6afaf38a17c5159_2,Restaurant
2d13247b344d4075a8c81c368d85bff010_2,Bar
1d2c7b3aca5f4c1d84d22f3c12a63f6810_1,Shopping mall
1344dea67acc43a4944f4c5666d0e22638_1,Construction site
0e13029f117442dcb93081e1e1ffb86124_1,Restaurant
2ef8e92a38494184aa6eccdb94d9173221_1,Construction site
2a3f9003fbf04dfd8dfd14752c10738a23_1,Urban park
43ba4da2ee194b0ebd2934dc7f6e0dc649_2,Construction site
d974140d3fe24af594aece1bb851573b43_1,Metro
232cf9dae872458198c06d94d783b49c40_2,Traffic street
02b88cbdd17246cf81aadf5ec96d15c423_2,Traffic street
7ea2fc241a5246419004c0f54250925531_1,Bar
a02785aef9bb46d49887c0e344d4a0a24_2,Bar
a0928bd14ce8438dac0588a4c3fd9ffa54_2,Shopping mall
6eef7d7d6afc43f18621ee0cd0f8d57436_2,Traffic street
2eafab851e584756a4c09c91f253162835_1,Restaurant
1a5c628fb7384ff39086abf12ffdc92449_1,Traffic street
87a9abd2069f4b699204850d60b0801139_1,Urban park
3326cdf0467d491dbdc3fab3cbce7d5e38_2,Metro
6d76c8a0f17347718b1a49d0e733ac0039_2,Airport
203d7e697751451f80cbadac8c1ec05318_2,Metro
5f31156e11524fb199e77b9d7b19b1c956_1,Shopping mall
21b378cbc48049af89eb38f9ef1f640c13_1,Metro
62bcafc68140426692826110ac13279f19_1,Shopping mall
2c411fce17ad4153b34a579ce6c3ff8045_1,Construction site
b8c2939ebfb44489be357074f81d662b54_1,Airport
846971a358cc46e88f5ba9f98e1808ef11_1,Restaurant
261165db7e30475abd8cc4d7083da6f946_1,Construction site
075ff4bed8b945b1a07cf59c0a67f5f119_1,Shopping mall
19efab176bb6408ea6fd57229864ab4559_1,Public square
6817a0fed30043d19f26d484dabdb63011_1,Airport
3f787daeaa1c4172939571eadb06f78b58_2,Airport
e3ff2396691148f6ab5847f15e37b84148_1,Restaurant
11817ac674b1442fa10765a150e082178_1,Restaurant
1af4efaee239465692de4de01c4b876c54_1,Shopping mall
5b3115502f8844239ae513f6d44f78d658_2,Urban park
14739ad95c4a45ee9410d4d21dfcb8d74_2,Construction site
e8f28034e87f4762bc81289a9ccaff8759_1,Traffic street
32cac14b7e1d4c4f955bc784de8dccdd41_1,Metro
3ed13c2027ae4914aca0f247b8ee48ed35_2,Construction site
1c60ca7da90a464abf04fc2a5190867a12_1,Bus
3505236035d84f24946cc8364c7fe3e737_2,Construction site
1a9be08c14784659b5f0b70e6f6dcddb12_2,Metro
1396d8c0c3ad418f99b596ab751b96b36_1,Restaurant
312e13200f614d0c917859c0445b0efd46_2,Shopping mall
65a9d37e36f34aefb1ebd01ea238249b26_1,Construction site
0fb8f2e093c948799178d419825d0e3020_2,Bus
0c96c18a20964030a9c7d0e6052fbdb447_1,Construction site
68c4e4b71160402f801535dfda99a42a57_2,Shopping mall
56fc15da4f4748089d14db6e73da762260_1,Airport
2dbc1aa7c2634aec9bd0caf6b54edd7a49_1,Construction site
54a7dc3478a643efacfcdfe0584716dc26_2,Urban park
52a9ad51687f45d4807c961f4e0a43a619_2,Traffic street
a7a5dd3f0cb74c909db751d16420155452_2,Shopping mall
533ba45763be4066b973c9d3b8f7cf7325_1,Shopping mall
4deb3b420ded48c4b3fd614d470a7e8231_1,Urban park
72581a35276742fe8ea4b6aa89c1149c26_1,Traffic street
52017f53e2ae4a66bb3ee81d877deeb518_1,Construction site
c0072fdc378d4fbab5610355f425bb4749_2,Shopping mall
4d7a0d3b40714a03aaede52c3e4676e314_2,Urban park
0658c0d723304fa897da079da2b427bd15_2,Bus
c8a5f05ab6ce4605bddaf9afed34567e51_2,Metro
b3d9c08c0a53433e87ef8b4c963d65cf38_1,Bus
f3165e69f8924bf38bb6e66db6c81e7021_2,Bar
49c0a836c7f145d182014b7ecbee00a830_2,Construction site
6235188bee6f4ca09bb7fce12c763b2526_1,Airport
98441f493a6a4e3988d975fb10b6fdd68_1,Shopping mall
285870a8f8314c2d9a831099e945dbc222_1,Construction site
02e29235fb3640e9acd085e226674d3616_1,Airport
446ee48650ba4e509209bb78a82b523d24_2,Airport
77562850ab614c7caeab71574b123ce529_1,Metro
183f0499cc2542879f2bdbc6c7eaf0012_2,Airport
08088ba1044444d6a3949807fc869eea43_2,Shopping mall
b8bcf4586f08425c95f137c1c190195d4_1,Urban park
1ab3ee68dc41470bb8a633554d3e67e523_2,Urban park
267a2fe5d9d94b43a9910676de84f44f10_2,Traffic street
49a8f6198fe5401d977d9f261d2729908_2,Construction site
944ce0ecd16448029458574b0715e60b33_2,Public square
4077faac16034eabab744b726517f35522_2,Restaurant
0de658800a4a414bbae3d0a5ac8d540814_2,Metro
d18e41ca5cc74604abc8a857209cada728_1,Public square
573f4a8b94ae4ec4b9f49df1fca9477039_1,Bar
529c818c6ddd46ed87b3c6215d7dbb8c49_2,Public square
b463be441b264bc6a066781ba422af2335_2,Bar
53283e995be4459a9329702dd12cdf2239_2,Metro
461246c55e1f472b9aeb2f0d05da19799_2,Metro
25a8aec4c6054589897538e881f4788839_1,Metro
6d0a002b8d68491590606272dcb7354d2_1,Construction site
538d293b401e444eb15e359168cb9aa07_1,Airport
b1e91a7a45354d5ca00e2e4dce62dcb04_1,Restaurant
836aa41c31de47fc999bf59bde3a944759_1,Urban park
1f85ba179d304b60840444053f7600fc45_2,Metro
35c34738856d48c1b8c399b8269c4e7028_2,Bus
863590419ae64780b990bf8661abaaeb58_1,Construction site
ac658c9a0d6247c38530cfc17201ff8c43_2,Airport
30c578ec033a48c89d23deb9a32a826d40_2,Traffic street
5e60fd54c8414d748fc206c17c817de029_2,Urban park
4733e6fa568042a6bcd1f78196b4ae1a3_1,Metro
1bbb68121ef541209a4608ea13a36ebf4_2,Construction site
380ce6a804bd4ef1973e19220e62a6f513_1,Urban park
1578cf346fce4c49be4dfd7cf31efab154_1,Urban park
25e6521e09cc434a8a42bb487843e7c67_1,Traffic street
a38dfb3977d84f828cbbdc5e92fa969c3_2,Bus
6696387b95a44ff29fa107cdc46b609918_2,Restaurant
a15380164a84467da340f333e70992c929_2,Construction site
d3796f11f585456d837103fa61b80aee35_1,Metro
594e711546e5480186206a4651ff1e0711_1,Shopping mall
1087d86ed6e04c9ebf8261474a69458a5_1,Airport
1ca361994bd04342a728df5fc335319c45_1,Restaurant
71a62ff7f57547efa8aa346e7a22235516_1,Metro
91339ce5b6844e439ccb0f87fdcade6f44_2,Metro
66ed222016de4fbdb921600109561dce59_2,Restaurant
43a56c6b557a46ddb3b8a86d6aeb6e4431_2,Airport
12e97173da664a1c8010e4ad7d96986848_1,Traffic street
0b1c6ce479e7434488e0171939453def23_1,Airport
3c06c68f4813474e9c820a037b027ac521_1,Traffic street
bea7a69d392044fb9997339d3fb6f3a018_2,Shopping mall
b9e7944a0c3245409ce9579dac75f6fa20_2,Traffic street
4d7024b86fc4423e8cdc875520298c4f54_1,Bar
3591b37dd3bc4f3c9cb606e42856cfca51_1,Airport
2ce4eb1da9404069a90b16416ac50f4831_1,Metro
0d6d65b3d925467f9438ff2decc47e9955_1,Bus
a05eb1eb42674bbfb3d18efc879695eb18_2,Public square
b95119c33eda45c5b8bf919ff106b6bf5_2,Bar
26e4e66a134c42ecbb8db086f888cd9651_1,Urban park
1203145ad1324eb0ba190a1afd9774dd8_1,Shopping mall
889d55dbc4504121ba8247abee07ef1620_2,Shopping mall
043ce2a30f644f999222882b990ba01321_1,Airport
61acca5abf59435db3a9ed3c720ed8ed53_1,Urban park
7e34f86be799444d8963cbeffeb8df9146_1,Bar
6d3e92b9c7e340eab710eca431b9f02942_1,Urban park
1332953326fb43bc8b9ea375480ec95e32_1,Restaurant
29c71f4f3be549e7935fb179d4cbdc5439_1,Urban park
0a7a3576beac43d694fc81449f3c011e44_2,Restaurant
87a492156c9c446e8086479b36f2d79830_1,Metro
1ec69929682d439c84b0835bc479cb9f49_1,Bar
8323812300c94210ad0d29d3ffed5f3e6_2,Airport
242608d75a454a7f95eb0bd16ce548dd39_1,Airport
8142913c6c634411b30a981657aeddfa7_2,Construction site
67021538881943a397d1146ed638774b32_1,Airport
bb2c9abc968645bfa2cca0b362e035b721_1,Construction site
06c20f9d8a5241c4a7873d3bcec55ae651_1,Airport
0fc261a141df4e4e8c01406f787ea61323_2,Bar
3aa14e2d74204de4839d9abeafefde1347_2,Shopping mall
4fb35db7bbb74d9e9060da7015939a2b56_2,Airport
60e5cf5ef193468499258cdbbe97960514_2,Metro
52c872f467fb47d880171fc64fe76bfd45_1,Construction site
3d9acb4d28e74b8e805441cca819fd2832_1,Bus
4c5cd23c350d42909911da300a3b6baa20_1,Restaurant
38d2ed37de004e4fa6eeb23890d0899750_2,Construction site
00b514a3c774405fb4005ea8c40d053e50_1,Airport
8aac49d3fb28403892ff6cc65eac2f2733_1,Metro
72d993024141404eb1d67f7f47f687ab17_1,Metro
b9594793733e4664ac308806acaa6ee324_2,Airport
42c71a1de82e42208e7430ae71ca441326_2,Airport
31cb164dfd15424b994ceeac3201a23519_2,Airport
4bb1c3ddbdbf4579864e167044b8ac7f26_2,Urban park
65f8caf7fb114ed08ad1721d20eb83a023_1,Restaurant
011e8e4614dc4bcd86e93ae8eca052b152_2,Urban park
a63fe810ddb34503a9e8f50be0105c3f37_2,Urban park
208323db9f04401eb4b5bfb0074ea57c15_2,Airport
72d52c774f36420eb2606cff4a30100753_1,Shopping mall
a6e5311db1184384bb6357d9dbabceab52_1,Metro
6fcbbdff5f824436825bcda6e84916e654_2,Construction site
45daad4aa89640c396b8f159c796dd0623_2,Airport
0ebb9a158e474a6484e690f5b7db07b526_2,Bus
8a6e00addd5a4d90833aab698410f9f02_1,Airport
06b950cc5a934632a09fd8f65306f4c442_1,Airport
933e3714e37e4e9f933ab38db1467f9c22_2,Restaurant
3b7975fb3f8742659a00600ce12f0a4126_2,Construction site
29f2bb68df444b15a55f5ba0bbba2fc134_1,Urban park
9ccd3d5dd3034440ada988076950f3a642_1,Metro
489b2cd6c4ca4dc4a2d4cd831242b91d28_1,Airport
2b133a8b713d416c83cf03a04cc432d517_1,Metro
191e7718c5514d1f915ecf7cb4ef8d0521_1,Bus
5777bc6055104e40a6a1783bf1f9bef130_2,Bar
9de90c3b5d9f4bb6a998a9d9af17be3622_2,Metro
3669cb08382e4c74bd0f064057a82b8024_2,Construction site
a811a6babd304b42ada28dda072e49f825_2,Restaurant
1cbeafc72d734d82a738fc3bd3ba9af512_1,Construction site
4693fc35bacb4adfa9359c261ec1bba716_1,Metro
c2fa6ce9c4874ab5a2c9d85df37224b250_2,Shopping mall
43517ed4000f4db988e5377f0604b25632_2,Airport
4d0ef1aa58a14b41afba1ac7e12bab6814_2,Urban park
bb38ed87bbb44598a659f3f60db9b7ca36_2,Airport
0677cdf512b24631ba3913f1e866489f24_2,Urban park
5b01dce936f941c08078986e6c0ffa9b5_1,Airport
15f930136ec34da887e4539ef303117914_1,Urban park
70d98ca1dcb94c2db2626df1b431a37344_2,Traffic street
b798c1b41e6b421f876215281e0ee75f44_2,Shopping mall
21f4d5ff03504e5bbff73f909ea5550212_1,Bus
7391421dbb7241ad86748351a4de0afc47_1,Public square
59af3802d8ef4684b7d6b6a73fa0356520_2,Construction site
253881aa9fde4bb4801e8c7974e5599227_1,Airport
379e78e8b9e6475690303966b68021a042_2,Traffic street
ba8b2031825346e387f181074bd95d0040_2,Shopping mall
2fc7da90ea65447eb5c4b4c07be820ed40_1,Urban park
e04bbee43fef4ed181a06250e8ba425d7_2,Airport
2ce74dce89e94c419086fe8453c835be57_2,Traffic street
2d4f45ebac344162905be183225f28eb34_2,Airport
1446452a280a4d169702c301d2a229dc24_2,Airport
16bfc8bf7c194d6d9f67106b3b1b21b915_1,Public square
27928b48640242dfab0264968180ed0b46_1,Airport
10414aac357340b7966b8a0b8563b14924_1,Metro
5444d3399a134d2cb0f70297ecf7b88058_1,Public square
4276be4865c84b8183d8f6047fef682c44_2,Traffic street
47c38cccde9b43e2af4b232c603982508_2,Shopping mall
a5c1aa6c91b64d66848495ba1a6f541631_2,Construction site
057a5c20dad04e07ba12d5eb46a443c028_2,Shopping mall
32f26f7a381144b68167a1be78481a9110_1,Public square
86decf4664ba44cf9bc9be4e903fe48154_1,Shopping mall
1b6eab69716343558167b1a001fa88d69_1,Airport
15ecc1fd9f824297a11708b623c6376f37_2,Restaurant
c384127d440041139e42277a55db0ef621_2,Airport
b424c1bee9434a3ca81ce7eb8f061bc829_2,Metro
686bc41701ec4e67a8141896abd6d20d39_1,Shopping mall
52b528ced2cb4adda502a93f491b5f5a7_1,Construction site
0d7d5142a52d4e0d950a1db0bbab044944_1,Construction site
4fed256a57c74e05afd6d660d36799368_1,Urban park
c73372a0d6e24ed993b792664c6be7f536_1,Public square
4dd606c735e348aa99252746f84b84ab26_1,Metro
037633dfaa1d4d89befde8e679b786cd27_1,Construction site
392c8ca649dd40cea46976788ad33ec41_1,Traffic street
51e1e511f236434d93c11d58fa43281235_2,Bus
75eb10cf707e46288504660cd62ec7a749_2,Shopping mall
544eea975a9f4fbfb544038b7cd1b3ab17_1,Traffic street
4acdc50bb35d4c5c933f7e44ac8a32893_1,Metro
291c6ed889b24759b9cfc1f072990dbb21_1,Shopping mall
2ce682b175cd4f94a8d917b51732f8004_2,Urban park
a74eaa9b599042889abc14e3dead3fa059_2,Shopping mall
d51d9608047949559860feec0fce8b4d54_1,Urban park
a0b5a981e004477eba5d5af00fb1c58935_1,Public square
2a1698ab778e4f938fb637d99eb0320c4_2,Shopping mall
53f5ea8cee6d4a618b9a992b6c03a6564_2,Shopping mall
524af961dd11424faaee221c735aa00e14_1,Construction site
518306c050a946e19c2d0a15ab9f3b1138_1,Restaurant
0f8fd8095901493eb4e72afd83619dba40_1,Bar
4d33a9ee9ffc4b338423d639c6f206d921_1,Traffic street
3a3fe9117bcd439c90b780ca781e10eb37_1,Urban park
4e016d67f40e48af96717a8d0b744cea52_2,Airport
01910260f23c46a98e176e0829dc063f18_2,Metro
0af6af1470b4453fb2ab1f8dc7e46cb353_2,Airport
7fd4c4fe4a754e35ab89c905feec5f9660_2,Traffic street
88116e8be8ab4d75a89247c20950b10827_1,Bar
2eb163d97a5f435d83462fc547721a0922_1,Construction site
772b2782cf9e46ddafe33481fed4c12d46_1,Urban park
4a44b5c5d16b4dd18542ffa548bb664433_2,Construction site
1233ad46899a4f23bb934462028e1aee40_2,Bus
4c38528f7a1441c886d5fe4a257414824_2,Airport
9027e8d1ddbc4a3f8f93806290184cc955_1,Urban park
3a6afa020c084849aa6df6cf5e45a8312_2,Metro
6c2bd6b917f6421c8f134b57b829e0a716_1,Construction site
4120c05d3d4d45f283d7f0ab5d3c1d737_2,Urban park
9508312b0dd14f58b54fd76d7aad39c821_2,Urban park
328a5cfe362c423ab39cfce8569c64e757_2,Bar
16f05698e17f461a8149cfdc3139e9ef24_2,Urban park
18d7c9cc21ee42da934f7d2f2b66632d40_1,Construction site
4e4cec5f8ed54a70b2b19361c7a4115455_2,Airport
4280aa10498340c3ac80d935acdcad891_2,Bus
b124533f3d9e42b0808bf631d12002c457_2,Urban park
b2e45ffa6a934a72939682c5ce69ab9a60_1,Construction site
2198383f75604b708681635fcc9b895f33_2,Airport
280ee0ac7956443681ac9f6ae5608d993_2,Urban park
a1d2869b25e544fa9a142c874abf67e62_2,Bar
83028d06a33544eca4df43da879fff3449_1,Traffic street
93afc7a58c3b406585a0166bda7d1e8a3_2,Bar
1faf9703508746f1bd2416d0cc011d5f13_2,Urban park
722e141b63054713acab240c9b37500437_1,Urban park
2ff41dc803254ba9bc0e1cf4e879ae2519_1,Bus
cab5ac76208e4480955fd42cb895d1cb40_1,Metro
1686472f36814f9293af3c4c603ade686_1,Traffic street
76d0e52191504cf8a5d6b9a9f5897c0420_2,Urban park
dc7001f2e8e149c88bd27b76cd50c19933_2,Bar
138d843113b64ca6bddd1175b98bc53236_2,Metro
88da7ec84a614a79af744fb4c9153ca412_1,Traffic street
7630b20cb6aa4ee0974ce0e39bd1b6b454_2,Metro
e3553f8eb397477e85b7bf8aa77980eb20_2,Construction site
7d9a7983381249b4bcfc6e161c712fd348_1,Airport
16f300a0f97b4420a4ca66d216df009028_1,Construction site
44e322cc427b4bb2abecc91a162b64b023_2,Restaurant
26ab4ae697694c9ca9cf16698b9b3ff25_2,Shopping mall
00c1557d22414d7a972552ba082acd3635_2,Shopping mall
0d952763dff0406ab5be1bcf6aeeb36f43_2,Public square
67c803e06a0244b2a6ecf0caf88c9d9846_2,Restaurant
08499396c6bc4f68aa30ba3d8d60b5f84_2,Shopping mall
240f80bb93344a44a862b2b216b64ae543_2,Bus
1163a7a756f846468f53157d8535f75622_1,Shopping mall
5254cdfaece546a683a8ad194b3428c856_2,Urban park
6f307d416826416095b27b77c88f189911_1,Construction site
0207433a68664a4c8fd5af8126c1d67638_2,Urban park
6d7da2b8e7b0483e8682c6f652924e0626_2,Metro
4bb2281adad144a287de3d743d17f58916_2,Urban park
8bb8d07dd874404daa1254104a0342ae56_2,Construction site
2b0a7de87f5e4044890ce02a368aa81b30_1,Construction site
89550710420742af8a3f296f82c1c6c39_2,Restaurant
2395e9cb6f9849dba54d64d1b486c55e22_1,Traffic street
56c5529fcf264ee2959bf5e88befeb3f47_2,Metro
3dfdb233f28a4231a9bb2462c8b1e3d642_2,Restaurant
725dc98bcb4f42f2800505aea272689437_2,Construction site
9802fa8f6e5a4dc7b392b5720beb296827_1,Metro
a81c1f43c1f74080acc1df2b3be22cfc30_2,Traffic street
6c60f811aa084987b717dbc336e9babf1_2,Metro
c245c316b782426596be93a4464d856655_2,Bus
54956940305f40a989c394e6b27842e122_1,Construction site
b393006b4ab549c9b2e3eb706b27e8d343_1,Construction site
6468278e2c5b4c66951329144eb34d6b20_1,Restaurant
d2d65805c02647ae9828a9007973ba0f22_2,Airport
481399b1a51f4d7f9a3b6dd19313c4ec44_2,Metro
80f1861a54274044b81eb77d15c0e2ef53_1,Bar
54a7ee4fdd144fd0a663546f0485d64113_1,Urban park
927201df8f3649308a6dc6b28215785113_2,Construction site
33609751295a405097e0537994aaa40411_2,Airport
192ac29f9c09443f91c6ab0a6ea37c2711_1,Metro
1b8ad57f7f0a4720a24345f64812525028_1,Bus
ecc28f737d844b25b937fdefa7f22e6735_2,Urban park
953b935df37e42a5b84cd8da66701dd255_2,Construction site
23a19e8ea0904935bb01dc7de0be258651_1,Urban park
005e0abd39264666a417206b49f259bc13_2,Traffic street
0fdf2b85c7654beb866d5b58b26522bb17_2,Airport
2597544657a749e3a03e35c7c17cd42754_2,Airport
40b4490c489d438cb4b111717e22957b10_2,Urban park
6eed8126b64f4822bc28f41d81bd51312_1,Public square
036f80b7a97e45e88511ee4b37f37f9515_2,Bar
19fa83b0055640e28bccda036559678820_1,Public square
9d21c7dee4684e0997c79fd940d7f2867_1,Construction site
0419d73432644f0887e3b1fa2e755f9143_2,Bar
2386ae1e8a7b4c0aa5e8944a4648e93e2_1,Construction site
b8fa48bc345c4f86a02dca457439967352_2,Traffic street
7c1af4148c8a4bfcaab29cf1638be88738_1,Airport
01a1c43971234b4e97c31dbcac7bd91846_2,Metro
17b9848039d546ea9ac977ab8d9facdd12_1,Bar
85a2d9da3f7e4099a2f521f37dabf01a19_2,Shopping mall
353717ee026e499593c793f18b5d82fc21_2,Restaurant
5e16ef7e814a408d9b6ac5b6c92b241047_2,Traffic street
cff237c6a93f46cd9021b8503c204c6430_2,Metro
49bde93c64b34ab89d5cece2af9b07cd49_1,Bar
4884d2a1ffb042c184858a0a5d0d9e8e58_1,Construction site
580ed142cf5947efbf310a9687a5718141_1,Metro
e97df2d37f044deb83209389db82f1365_2,Airport
bd99dad38718412ebd5e8168beace5c234_1,Bar
32b5ec688d934c68829a0aa68f42647a24_2,Urban park
1e63c648433a48ecb59158489b416b2525_2,Metro
68b6092203e94c9ca9f5f54835b33cdd20_1,Urban park
ae1c9c698f7447fb863643cbe95972ae40_2,Shopping mall
6321a7794248440cb0ae02a1b2ee70e051_1,Construction site
2cd0094491bc4e8d88ef030f1c76d9fc9_2,Construction site
1dcf9d5e41844ee0a116870b98a4f3b835_1,Construction site
41003740b4274701af4d3ad680cc68f233_2,Airport
0f16b090b0b44acc8c4734577bc91c6b31_1,Traffic street
15a008d9bfd146509f14268fb30b803836_2,Restaurant
cc0774346e55447d9541ef1dce2c5e5338_1,Airport
1113bd5b1c924531b2068c7219a5ba1b27_2,Bus
372f78a38683443583b2b0608498d07e51_2,Restaurant
45d0eeaf2d3c41fd85b294f4a32806ed10_2,Metro
155978424d974998bc67352ab0e283ed11_1,Airport
873d55eb26b649fab388a5346f534eee7_1,Construction site
3eb9917e8ac4428d8f01083103bcfdc350_2,Restaurant
5eb866d9d1b349fca1eb7ae05bd4545e55_2,Airport
424253e20c174f9d90cb6d442e1b40ad34_2,Restaurant
0b8fabd91cf6435c9c629616a64ceb5714_1,Bar
5f8343d902c64b508026e65c5d6ac29e22_2,Urban park
23748aa921ee4e0791b0e1b1d34c850832_1,Metro
70a4d06c95274dfd8bf71830f83cfedc30_2,Restaurant
41b24e80f7484dd2a6b64018b82071ca3_2,Metro
6b678ebff08948c1a5b3ab543de5233842_2,Traffic street
12c95179bf5641faabff05a71b4cb9544_2,Shopping mall
5a1a8bbb2a484142b70ac1df5e13ba9233_1,Shopping mall
383787bb2fd04896913a7835602794813_2,Airport
0ac90c23b3d54149ae27e7ba7e41f12c27_1,Metro
1a39805bcea840d9b330b935b3de442e2_1,Traffic street
7ce5fc23d66a42b08ee5f6b235a9101218_2,Restaurant
8c2969db7cd54a68a041342e1014fd6a7_1,Metro
bd605a17a4b447f7904409b167bc6a4b12_1,Bus
ab5d22c0d0e1485083f3c9fdf5fd1f2c28_1,Construction site
bcc5f7174f2b464389e846b9c3cafcae18_1,Bus
765dc993fcef46ea958aea0cfb36a04857_2,Restaurant
0c89b08cd2e14c51aa6ca1c45cc93fbe23_1,Construction site
9a2c860b119e411a93ca2d1f3f54225a3_1,Shopping mall
8a93e7c60872439e9238fdb72959e86558_1,Shopping mall
7bcdef824aa54a729df75ae5de8ac27a12_1,Public square
2fbb13bed220482480932513240f66569_2,Construction site
9ed6db95abd24b64b776e97cc83383ad50_2,Bar
539fb3ed443d4544b6aa94b54261a4d252_2,Urban park
35a94fbd3a8f4b258010762b3b5e0a3050_2,Urban park
302d3af407e04317b61a887b5c68bedf50_2,Airport
c0e39255babc40a9a4a27be52ec6557113_1,Traffic street
99dd73c692c44826ba97df4c918df30c3_1,Metro
d71297a6aca446e0801b81efeb9c1bd48_2,Public square
70f37c8e6591437f90009f097f27eef79_2,Construction site
20d3ac5f36fb4ee89e49f66e35f46e7814_1,Airport
81fb247ca0d8451a8a2f46316f5c0fc724_2,Bar
388cfe7108414d379e37e4dfc3fb636617_2,Urban park
146dd37442f541528d180685678666242_2,Shopping mall
06c758378e804ae3af7e5e18da8ec15558_2,Metro
6d367c7682b347a5a669081fee77814514_1,Restaurant
7f1f592b3d584851aed541698bfed4db29_2,Shopping mall
2c1d7f16bc6249499ab1779e9cad163c55_1,Shopping mall
2e0d3b6b652648c5a79a344ac31dcdbe7_2,Airport
1a1defdd0c744ab3a56f395d4fac8d5f22_1,Bar
22d1a60bc289434498d720da50f59d0c1_2,Airport
56c61ee51df441668d75811413491e4050_2,Public square
72bd9587efcc4fb1ba8d8cdefb4a067c56_1,Traffic street
3fdb24967a9246959c81438e02d0ea0525_1,Urban park
551a7fe88dc646cb853bff4927c8f7d154_1,Traffic street
8c3da7d9babf4566bf687df0e1ad6d9a48_2,Public square
0a3d1fd328fd445eada87a5831b5db2e59_1,Public square
b0724c40fa63436885687bedb2f6609048_1,Airport
5401bbd3ba2f4f91af26745367caceaf55_1,Urban park
0235783623ee4b6da32eb982b3480bfd44_1,Airport
d6dbc60527bc4e01a26e633d0f367c8712_1,Shopping mall
0c178844f34e4c25b48e6c3e5c9d973c17_2,Construction site
0a13d46b39ac48f58f8799f11d42d15e54_2,Shopping mall
8948206c34be4ea4bc1d6f4a929c735454_1,Metro
5084f3c0fcd943f2ac04bd8082b72d8026_2,Metro
a75a03a864b44393b642ace36c26290723_2,Restaurant
775cf8916f5e45ad88dabdebc1cbb0c957_1,Airport
5bccf2b1d0ea403fb5e66f93c414e9a015_2,Traffic street
06b00b84753040e1b84a2c3cf08b7a6d37_2,Restaurant
4494c631ee7f42a5b1371017ffca908054_2,Airport
344ac20317fc446b814d754dcf995ce536_1,Metro
89e142d368994939bb694b9edeaa3e3711_1,Traffic street
1c5ad2ad53674e2dac1404d370cfedb031_2,Traffic street
17958ab7c9304ad293a6ec6e3b43d25156_1,Public square
90371026b2624d3eafa7d5bfc188b3e918_2,Urban park
1ef76c0e507b4d68902af19ffb8bff6d26_2,Restaurant
9edae0c363d64167af7a745b6af9b0c62_2,Bar
970c8ee4fdbf45e2bc82b81685de7b837_1,Metro
b601232423c94937a049ffaf9f05996c45_2,Urban park
5bcb88f63acd4b338ec9e0400564b5e339_1,Airport
08ee5c8abaa840f284013c2b6f270b3011_1,Construction site
0d9ac5a259e544d1be1a1c64cc00906454_2,Airport
d412f5724f224357bdc9ca7cb0773ef649_1,Bar
1ed50521cd3d401281048eb2970412be39_1,Construction site
93cf7268648547488c3e468ae25b910416_1,Airport
4e0ccf7767fe44db9440407f9569982921_2,Construction site
b8ecfeda927943ef8137110e5342f61b53_1,Shopping mall
a74f65f5a77d4ae5851973ca8c23a5df32_1,Shopping mall
1be05aaabdfc436b8191e8e52fd0d2328_1,Urban park
345d6bde5ec44832aaadea47f8a3cdf740_1,Construction site
70c3833a2580450b8e81b11e722027b111_2,Construction site
81b129bbf51642b993760840ea4c394337_2,Urban park
c4bffffadb2f49c394242e0c2864ed6d12_2,Airport
a291ce26ae0d4486867af95cb7908b8021_2,Urban park
7797ec2a295645c5b218e7f0ed8d938115_2,Bar
53486376b9844559af80419c46af8cc84_1,Airport
ab747c6b00a944a0880fb66906ffe61059_2,Bar
2cc9d1ab254e4685aca2e23e3aab44b957_1,Public square
383985e618de47838433ef53fb087f0736_1,Traffic street
c1d008e21d8b4679b3d7edd323b816db9_1,Urban park
086fd885aeaf42b596f439e2caf3882a58_2,Airport
2aa871cc94a943048d3cc0d41ed2623012_2,Airport
4f6fd7c24b4f452b8885145d233fd9df13_2,Airport
63d95d75ef244a0a827de5c76675c4e39_1,Metro
1dffe32b1f694e7689bbe7eee3c13ec357_2,Bar
b8a9da329b8b47f883a6467cd906760a32_2,Bar
450592c23fb440608e62cbb5ba443c4f38_2,Shopping mall
7cfa7bcb5fed483387fe8c24a171cda519_1,Traffic street
0bd00d516fb04f649e52b0630e74090c52_2,Public square
2f924450c0c749f59f03519af6cbdc7031_1,Airport
0fe4c3a868e641a1a2d85e688c9ddd3757_1,Metro
ad4c060891bf455dabc45c2849578eea12_2,Traffic street
a07919e084b34187af26ca57b112fb6258_2,Bar
d1bc50f53c2b49acbef02b14ba687c8853_2,Construction site
4e98b1ce51de4e52a7def4b434542f515_1,Construction site
26f576b07cc6486da790bea7d95b616420_2,Shopping mall
a3ae1962eb9247779244749c01f937e455_2,Airport
08a92c84eea843f1b668b8bf9002a45c8_1,Construction site
9e6520f7a5cc4bf4a79e18c5370c65bf45_1,Restaurant
84841201faa24fb8888fb010eb2c339857_2,Airport
1a8365b600c046aa9e7bc1d781084e513_1,Metro
4ff1ba0e2d644c4393cc02b7257e1ead1_2,Construction site
3c315d164c7b47e9a72cce0c869d0a0c25_2,Urban park
66583c41d1244cafaea91788c8775c0533_2,Restaurant
02aef7e4f1524bada330ed7d790c1bbb6_1,Public square
01a457a3240a4f5c9605f141782ef40025_1,Traffic street
2e1df929b5ea4e75a580a19590e0d12911_2,Metro
01f97160de16470592e938fd3bf8d7e425_1,Restaurant
d8b18be25ba84266986c47bfcf4bd24c40_1,Shopping mall
67af728bfde247c2b08cf90126525f9052_2,Bar
627eb78d3fa241ec80116b3cfee2549359_1,Airport
52ade7bbaef645b4ba6bcbbcfca05f4e51_1,Traffic street
0940bbde325642c9a53842c8faff2cd718_1,Airport
cdf75ee2b15e449397a98d8f64d42e3450_2,Bar
39ab2d0cd52e4bb7aa0ea50b566f0aad4_1,Airport
af01152fdb89472cb5b9eee1192525a719_2,Bus
831c857c37b04f60ba49d1d42f30650e44_2,Metro
5b8a0067a3384435b49219d24e93376953_1,Shopping mall
4c2d7721bf0748e5b100ee5292d7799f35_2,Traffic street
534b1dd832ff40fa8518a4cd51f0c6bb31_2,Airport
2cfeb6eb46ba48468e65abc4f67fdb5c2_2,Bar
dab9a86919b94c55897e0f26bd2f9ba528_2,Urban park
3b78f42de1a14eb098889c043f6f230a12_2,Construction site
6d7aa18ee97d42a2bb8652a1743feb3f50_1,Restaurant
2b11943c19964417adad2c5eb805db2f60_1,Metro
37c4ebefa835492d8af7918893cc5c8134_1,Urban park
0a7f0da570824d7c8c02b8f58ec72f0e46_2,Traffic street
11ac7b94b8124ab3bf3341c173ece87656_1,Construction site
066df4357a544b90b940e2ee2384f0ff57_2,Traffic street
7fbad4a46d044d00b01924051186087950_1,Airport
7ab91f68773e4ef796f07f9cfcda92a010_2,Metro
174aa5394f44415082ffc9a0e8114c2546_2,Construction site
141c38b2902e4952b1544631525d900e18_2,Shopping mall
948589555e3e448faa2694ba57bdbccb24_2,Public square
7720849723004864b03e4d51b583abf38_1,Urban park
2def5802bac142b0bd1eadf2bdada34a7_2,Metro
6376fe75914649ee8fb5d40cb779567826_2,Traffic street
85e60c64c5bb494c8070245bd55c65b617_1,Metro
4d253d6b389148569347dde19f7fe74516_1,Traffic street
53d65b1f5a4f47e4b2257d7e5998164731_2,Restaurant
d22f6e776d074106a32cf98ac70c22415_2,Public square
cbac6586eb3347d8b0335f00ef03919d48_1,Bar
503052f71db54f5d85d4e0951ec949e01_1,Construction site
34718dfa20bd477c809b8a00b67ced8418_1,Restaurant
13dcb9ed302e4ce4b6b9f837a56fdcd435_2,Airport
a380f2fe82e24b3a8366fa625243da7e29_1,Public square
774cab32ec61460685bdc04df8346f9434_1,Metro
298ca554566c4e8190ee14ca61a1bc6051_1,Construction site
39eb5581cd9f4472b4c925c88a379da339_1,Metro
104a2a5b748047daa68b89f09232092513_2,Shopping mall
2ce59d3a31d343119fdd5be1dac58c4025_1,Bar
909c32864b2640f6bfafa8fb1484034e29_2,Airport
21a7db92376c40a69d677d9a043ff8311_2,Urban park
790b16328ba64ff6a6baa54c0e39ae3d37_2,Shopping mall
1be4e5a4e8d844db868853df5461c38922_2,Public square
9d8579f933ca4e609cf59481ea196d4a30_2,Restaurant
3118c65b6d6443de9476f62d7e79290247_1,Bus
17994aad79a141919127d37cee4c26419_2,Shopping mall
47af3d439bb74782a91981732944ac6358_2,Airport
c55c656dbd7e42a8a09139d295c4f9b235_2,Public square
3eade9c5fdc04363b4d54d4dcf0159e55_1,Metro
4cf6ddf5dde840e8b03dfd4b1e71eb5e37_1,Airport
896751bb485e406bbe60c5451fc4421737_1,Airport
1457207e0ed8411b838d03c2915d312d32_1,Bus
31494164149c4e2492b9b52f94a2903956_2,Bar
a471176c74ea49fa997a869878fc330f21_1,Shopping mall
2696bdf8204242ba9a699f10dc78e1c827_2,Metro
195218116e6047a1a5d0394e4e33ef8e40_1,Construction site
11dfe4f5d3e042ee86330ae69c8ee8bb19_2,Public square
b0a9dd40c2ab44c981122b1e488a4f654_1,Airport
03c682e2d2484d488cf2abe3662a273627_1,Public square
69508124e6a5406281b4d16a4b67b18c15_1,Metro
0677e911c753452badf4217745651fd116_1,Restaurant
042ddbfbdf5646d2aaeaf993fbccdc9e20_2,Urban park
a9709e6e451a4f3a804dd33336924f8b24_1,Restaurant
0e0fbfa33ad445e2a1c12341f045bd9e20_1,Metro
5424f047437d4649b36e6fa7bc8c631957_1,Shopping mall
3a31fa0c04724e2fadf2c646c6b8debc45_2,Urban park
51649549c66e434d88f18e6c86fa91432_2,Airport
7da2db66295d4a2985e5790086c1aeab13_1,Shopping mall
7f2d16e49500421bbe405e28d0bb14aa7_1,Urban park
16fceac91f4945839234cf8b8607a24557_1,Shopping mall
203f5668f74e411eb0c425b58d7e023b32_2,Traffic street
61aca304c187461fb84fc4cd1e7a98f318_2,Restaurant
9f8d2cbc16c548bf98a00d2543ac803612_2,Metro
20c250c8886643ae8e1029e72000093b58_2,Urban park
7a241bcf2b4043b49177b8cee7135b1157_1,Shopping mall
6c5d3ac9e8874ee491ef29ce497df2a838_2,Construction site
821f03b312e74b0c85813809e533473411_1,Traffic street
b7e5825f9c374b349786696d7b85fada36_1,Shopping mall
8da3c9300fab4190acb16a77fbc904439_2,Construction site
23d58e38f09f4a4f86cffaaa3f4a67d229_2,Metro
8a1bdc38cbf647259289528f885a58d428_1,Metro
71a40aec4a284ba088f3e8e45e370cd554_1,Shopping mall
873c299d15034e21a5d6fdec747c341710_2,Public square
a7908d3bb8c74af994e18540b0b113dd47_2,Airport
74ce1482f9fa479e8560dfd81098dcf439_2,Traffic street
7ea97e0605f744e7897e5e951ed109442_2,Bus
2a191939b4e44850b582bf0e62d7cc9223_2,Metro
5671711390c34bdd9b412abd14c7acef1_1,Traffic street
a0aa76e43e7d40a58c2d9da36fc113e28_1,Shopping mall
bcbaf1a987b14868819a9a0bdbea44e835_2,Public square
90ee2d2e54164fa4b6838f58eeb7325417_2,Construction site
159fd17a09a344e5ac4f9de6c621049660_2,Public square
58b2709c124e4d97b787dc5c236fff2e57_1,Bar
221fa961a376432bb47b24e650a311b313_2,Urban park
44ef915dea9648a69b47d4f3dc6e373555_2,Bus
56d25f4555d74af18943241be4808af310_1,Metro
1b42efcd336849949a22777ae0d48ed647_1,Airport
5bb3237c801d40fdb9a6bfa73a28c60e27_1,Public square
7841582a82e4450c8b6673fc14845b282_2,Airport
271f237bf715489c8119e294315f8e7354_1,Bar
ae71b1f551fa4d2c9c844005ad12945b7_2,Shopping mall
27b22db49e234276a0343f679a0907c529_2,Restaurant
9b596ac55be643c6b57e7d8c627e5dcd59_2,Construction site
1ca56b4b38b24ad986aaafbae5abb2b730_2,Shopping mall
8f1f9192ca7f4a8bb47839d3b656eaa148_2,Bar
a202c747058b4e308f602469d4c609e256_2,Restaurant
43a0618ac1fe4c1b93b5a2417b0199e928_2,Bus
1c83fd5d1bd349bb9daca7e1ad9600c426_2,Traffic street
046fe9b3c0f7465aa12659d6446c332419_1,Bar
423550889c954a51b1eec675338438f335_2,Bus
2d2d5476706d467e936dc51669b8b2c022_2,Airport
32c29ad27aa24c75abc75929d4f04de018_1,Restaurant
ac3b7637482440e7a6a132190651caba16_1,Bar
bb0b22a3901d44e296f8f0dc7dc68aa448_1,Airport
2d5cf09e1e7d476696dd0361752dc6b555_1,Airport
243e84611d534379b9faff2da4c8681849_2,Metro
05865cef7a1b4d44b2e3c1d917b8fcb127_2,Restaurant
52836cd9bae3451fabd4334cefaacdc845_1,Bar
bb22fa6b71814d8c951c8d0bd374bfac21_1,Construction site
583ce29d9da9442d8be032393c51dfe860_1,Airport
939126d99ad74eddb99358a8a6312d073_2,Airport
8269bfee46604e69b8e1ee292f7b2f0f14_1,Restaurant
bd2dcd22c16f459bb1d4d317dd16827d25_1,Shopping mall
630f67579fc4422886bc835b983c1b6e8_2,Airport
6937ea694a684e2991c8512929170e9556_1,Urban park
0f010d42597740deb527e83ade0c5aa117_2,Construction site
a9e92ba966934631b8bd0f6f59ae3d9f27_1,Airport
46460b45bec047e4a4401a4ce8a3805a26_2,Airport
433fe3639fa843ff8f81fc9cdd9f700e1_1,Airport
311a7e84c646452eab49282dbcf8236f4_2,Airport
38cd21efcbca4be489c321fa074ecd8847_1,Public square
023382f8219e479c9f17d6f8b5241bba17_2,Shopping mall
25edf4c13f3941419dca0e5bdb3462e35_1,Metro
edbf53fb6b25497290b8ca973a1a05cb34_1,Traffic street
076c08e9c5db42399cdb402fead43c4849_1,Public square
0abe0fda26b244569c6a86259280ad463_2,Construction site
9994cf92be25498fadcb9daef84818cc58_2,Urban park
4e07214dcaa44334a8a390f4b6607ed29_2,Metro
a0f8cfb0561a41379cd68f268cdb357d9_2,Shopping mall
4df6518c650e4c6b9efb9817ec456c4135_2,Airport
3cda4256417f45c7b266ad6c81b1a61b57_2,Bar
59a6d5a3d277460e98df7570a9e9bcd746_1,Construction site
4aa443e033514f2bb0439cbaaf06ad7915_1,Construction site
2e8fa67a60084bed8d417bf17f250b4113_2,Shopping mall
38fb50a811aa4c42b651a37c93e6c77244_2,Construction site
7f224cbec10c401ebd970dd0a7358cc950_1,Shopping mall
36df9b91a3e74393a9e1242c9f8572e725_2,Airport
74d982a07a4c41a980ce96638d28f61f31_1,Metro
a05510f866614880a09ea0854eeca53b55_1,Public square
342e3f885a424290b01f37e7aca8583a22_1,Public square
0301a4da061c4806a73cbf6dce241aeb16_2,Metro
36b05d5f2bba4e45bb8c1e2ba0e947e811_1,Traffic street
24b110c9e0064507b6a1b2e7a399201c60_1,Shopping mall
1878124ef0ea4fa1b9ab65743de9368447_1,Shopping mall
3ee579be7f274565a2961873d4b1fd9b34_1,Bar
2d6b36d5823d4b5691a8acaaf8850b9f25_2,Urban park
299ce71cac5b48c5b16aa4614cf38df424_2,Public square
055cffb9565a431ab4dc70d184498f5745_2,Restaurant
81152cda5b874f48949d52ffb2ce8c447_2,Public square
46bfbad71632455cad2e0dabbe4f17c225_1,Airport
6085b86877ac45ac8973d627a7c475d232_2,Bus
17612366699640d286cb46b2a7f0064f29_2,Shopping mall
55f40d7069bc4efdbdcd404b6ea91fb823_1,Urban park
8aded5abffe344aea103f3451eaff3cc44_1,Bar
475bd992504b4642b7cc5bf5d8c69aaa44_1,Construction site
a0a6d65f5b194453b3c90f39c33e2fc822_2,Urban park
0ec6fc4ca0aa4cbca3787d6405e4e42e47_1,Bar
1846f848b33948009fb2496eaacd7b4517_1,Airport
94a82c3389a145dfa61ebdcc591db72a15_2,Construction site
ab9ea0ef7a8b4b9b865c934b28b141e534_2,Restaurant
0dc3433b072f491886c1a8e5f677d9bd11_1,Construction site
0257adb7b4f94858859274e980db4e6356_1,Public square
6cb8246f4ca24f1c84eef21b52c1e76031_1,Airport
ab07662a953b45d980423897607f67f820_1,Construction site
309ef894015d4404b7c730c356ac190c43_2,Restaurant
e21a9e8d7f724aaa9b869ad2a08e99126_1,Metro
19ef3bc079e241c593d4dd9d76f7ffab47_2,Restaurant
977640c3b6114c338b192566a4ebdf3151_1,Airport
05262e8d4d144ee6a8d45f7a74c9d71f18_2,Shopping mall
7a6cdfca185b426e95414760bcb4409431_2,Shopping mall
ba6a442287db4f8b87b3bf096bcc2f2655_2,Shopping mall
0f6cd2d8e77843ae8bf1f3f455034d4a40_1,Traffic street
7b01c926a44a484a9668e71f718e598e33_1,Construction site
6866cd528b184aa79ab44787f91a67a348_1,Metro
53e795cb5a81440daed27584684bec3031_1,Bar
01ade00952bf41c3937f263fe250479d60_2,Restaurant
ff5f4e2e458f4be1834a696c1b86c27126_2,Traffic street
c46c81044f014c089253e9e815fe34d331_1,Construction site
29430ec4912e4585ab90d441eb910c7059_2,Bar
3063221fecaa44ae9d5e209c2f1243a621_2,Construction site
1116fe4de42d4212aaac42da9eedcaf411_2,Traffic street
6c164c89add542f4abd989afb33485ad25_2,Airport
0db3640693dc4e44b1ff38f3763a3f2415_2,Restaurant
62238589dd794c4aa3036c25cbd535ed49_1,Traffic street
0475cee1e6ca41c28b45eb13dcb74cef22_1,Traffic street
44aa2ecf46a342a585131c64f39b561734_2,Shopping mall
534d7580d81e4ab5a78a7cd2467b376b2_2,Restaurant
19578c574267461fa1c79d6f1fc02d4f12_2,Shopping mall
68426581e7684fcda244470bedf0814e24_2,Construction site
b5045085bab445028128cce688ff7fec19_1,Public square
383d3bb934a54c318e239e3bfde5b36121_2,Airport
1ec40025c8e34514b15d54b3699d8c4925_2,Public square
7c5966d1897a4a348a7f9d3b518dbad33_2,Urban park
5fc1ac8a79ba45598d7724ee9d16a7de10_1,Airport
6b6dd30c58514cf08a575df2fd81d22415_2,Restaurant
0fa20a83884b4184bbd73671d4995f9e33_1,Urban park
5eb64060b41d4343866048bd98b03acd60_2,Airport
66ff0734643544a5ab82d00c124205be3_1,Shopping mall
2dad4efd5b174161a9de87bb91f7788a20_2,Construction site
01fedb2c9db14bfab954d2d94716107228_1,Metro
46a0640a52f6432cbc7d88cf1558e12113_2,Metro
096646a0f6974285bfeb6c3c4796040557_1,Airport
10869ce50052451ea91b961e8b5195e614_2,Construction site
3e17501464de470a90d49d3dd8aa6bc28_2,Metro
08d402fc971e4eceb5a0d7cdd001f35b26_1,Metro
770915c64bf64c59a1e70fac855cddd856_2,Bar
4b6d2a5536664e1698715c9de7be90d657_2,Airport
217f2e9ef1a8473290190cce2de625d629_1,Airport
1630361f769142d78a140429fcbd24d938_1,Bus
9342c389abf04789b034370d93cd316644_2,Airport
137b5ce1dfca45c59d88d332d95ef72d5_1,Airport
522102c47db04e23b2ed44c95c764e0239_2,Construction site
90f2ef1c39ae4de785550cd1b5a4edac1_1,Public square
55fd5ed560e147d09c99be44e8a28d7234_1,Construction site
531f5cadbf524ff49d39a8daf9d22ba058_1,Airport
0a09f707d1d3413e93daf87d5248bde511_1,Bus
1596ade69a6c4e3e913c39c36ee50ab99_1,Traffic street
4fc31ba022a64dd6bf6580708f050e7e30_2,Metro
52f9e9b8da5d47b0a9a180c04b176f3249_1,Airport
5f5b192fb3ba4732b3491f8f9a19fc571_1,Bar
1dcd4b3576944550b1932b9f20b1680055_1,Bar
72ad17d5c0bd44819a4131443172b1c814_2,Airport
001785fb015c435aaca62473783a978350_1,Urban park
410f3c99ac40432d8b118cb6a435daaa13_1,Airport
853b8e2d870a44a083b0228ff98fa74245_1,Urban park
2785bf89605445cab3c5eabfb1b6d7683_2,Bar
6ddb73996c2c4027862c38296c0bbbc18_1,Construction site
0d97ce760ca84946aee6266e757e081942_1,Metro
31c1660deb664b2cb45131ff05bf1eb310_1,Metro
6a48aaf5ae464c2dad1c31b3cf6ff5fa14_2,Airport
7a746df403f5460bba430acbaf1c993a13_1,Bus
6a74ccfa218c47c983a867197be091da12_2,Urban park
1ae27ffba6c5487aa00a671d07fa457025_1,Shopping mall
14ba02574ae142fb8f10a35fc7cfee9048_1,Metro
1f1a2b30922c4d8c9337a71b365d427919_1,Public square
133c219f96a44917b07ca61b430cc66b12_1,Metro
f1bc6bb19fb94c7a93766c2d92726eca5_1,Airport
c627b1693fdc44d29de538fca065c89f28_1,Traffic street
2d662dcdc0f24f54b7f868626e539ad03_2,Construction site
1e77f58038ad4e8da8770eefaf38b7f513_2,Shopping mall
1d0114d3c587459ebff43d1a4bda72ce52_1,Construction site
0fc69917bdf04c83bf4b30a7a0ebe4a810_1,Airport
033df88fc91a4d7584c9f3a08ba2ae5233_1,Public square
cc4f64fafa124e7ba90b25f498926dfe32_1,Urban park
7aeb27a2593a4eaf9b902c6473185e2c60_2,Airport
09b1e361df4c462f97950857af31ff6752_1,Shopping mall
321f58c722324056a6e5d6144429c73f5_1,Restaurant
98632a6a17a54310b1257e53dd9ed1f81_2,Shopping mall
99c27677631f4963898c6359ba8d8ca243_2,Construction site
53a8b44b86f6491192559415233ed50711_1,Shopping mall
38dcb97ad6364e05bb5a2fbe2b7eb51648_1,Airport
67d8c8583ee14e7e9d39c835a89fc6b637_2,Restaurant
56f966cd08eb4a03b5c3f1551cfa62a030_1,Metro
8f1541d356c04e989ed11b0387902ba715_1,Shopping mall
294f38341f81471fbcaa014cf156414a51_2,Urban park
254a618b8976415ea165f1c1f4dbc43240_2,Airport
7d80bece924e409d99d798bfd2e818d653_1,Urban park
8d4e8e1285964d42914a97b48e126e0527_1,Public square
21fb3ef56911496390acd1f7ccf7a4ba10_2,Shopping mall
62fd26117b044cafb9a51b42ea60f49b46_1,Restaurant
0adb011380d74ce08b6f4a197f9ee21225_2,Airport
23613208bd7e4e57a12021b9649437d38_1,Public square
2f8d33c41c184995bd7a6a249da4a6991_2,Traffic street
72ff5f8e3ad74370864656abc70245c124_2,Metro
a172dafe0ede4ec08b62d6bb2df3442755_1,Public square
4aaed0c06ce64d7ba12bac389f42e8af6_2,Airport
1116483166f548a08238d87748f8c01740_2,Bar
22cb19d17ce7492c867a0a02d4d9a4699_1,Restaurant
a351e3de77664895890b714d6f3666134_2,Metro
46d76bd28c834b2598687658e1f9db4414_2,Airport
bf13315b73f042f1b9df5035f6e00f7437_1,Public square
6bb69d3d598d4bbfad5ba6cfb2aa52d841_2,Public square
17c1e1699a3541978645d791a3d4149c12_1,Bar
77f016acb45b43e9bc62f049f6fbd7577_1,Urban park
2e6ea2e83414442591bb075053a5b2b16_1,Metro
515978358a8248f396021d299f166b7516_1,Metro
144ccae5bf0c4bce897c5b70194b2f2752_2,Public square
049cd6816f054d6bbe5c5688aa7f882560_2,Urban park
049d5ab35018469ab43d8221858fa73b47_1,Public square
6b28aa17a4a44b75b203ead34de393d855_2,Restaurant
33881fdc7afd47999192ae4bf1dba04449_2,Metro
55e79af2a90d427dabdf37c1e5eb08ac10_2,Bus
f1b64a459e2446c688cde1f530c08a077_1,Construction site
4b1598378d464d7a96769ce6de001eba22_2,Bar
b6b66c1eceee40e6ab3e28a7a597567f31_2,Urban park
bd62127481ea4ec1806089b6ab6f0ef425_2,Public square
19440394146a4e18ab98fa40529615fd55_2,Airport
4ae027082ea74e47a145c229d6bd29d253_2,Shopping mall
673bd42f648346abb605cb09f0565a1933_1,Shopping mall
31a97115eb304c7aa8b2061cd3d71c1115_1,Airport
16cee7cfe64046df8ea8449129b2d4f115_2,Restaurant
8a8f5f35e08d4e74b57ffb9be7f456446_1,Shopping mall
9666916051644cdf91ef18e1232bc32235_1,Public square
39b3de3ba30349bea89198d285a62a8744_1,Urban park
40ff57543a4b44439eef7043c49f247120_1,Shopping mall
f421c0983936431a806e4bee9455034c39_2,Restaurant
6042cd3a80f84de6be2586ca794c633511_2,Bar
507f007183ef4c78be041665fedc3fb954_2,Metro
17a14f58c47a4e5e84add1cd778c208e37_1,Construction site
55f3e46503a94b5cbdfa7bb2f9b4296637_1,Shopping mall
85fc9a6fb2694ef5b79fcb6d185e547820_1,Shopping mall
3d72fe6047b8417cbf14b4ed0e1afe725_2,Airport
8414db10e6cd403b89d050fba7dcffa233_1,Metro
9b81980219034d3585e229fe8e40eb844_2,Restaurant
5ea4ad87698547e7863a0c8db2e79c2552_1,Urban park
1a21356234094c6aa865e0226682ea8330_2,Traffic street
3a1fc1d630c3492c863a08fdba30ac4a12_2,Airport
07673bf47fc04a8fa1709c87659439bf48_1,Shopping mall
7a6f366d6cd74dcf8ddbc4280e37d18c54_1,Metro
b66aad176a2d411da520eb315764e64849_1,Urban park
3ec9e7fb86a84ae393fe12dee3a9af0f2_2,Metro
13e395cd38ae45d0bdd20c4deb5bc3a126_2,Shopping mall
882d6f2a1f234e20a271e568d7b0be4f7_2,Airport
5712328369e948bebdda804792d0ff8c41_2,Public square
69999e32495c4d8e87cfebb00e44078b53_1,Urban park
53ed712c4e52464d9379f0b8f36dbed952_1,Public square
297be1b7a4804bc19c9d132608df549934_1,Construction site
23578ee7aec94d4f93ef0f15a5554f7935_2,Traffic street
687706fb98bb4711acc1df27376d96e438_1,Construction site
06056bbf32b64530be69c78ff28b7e6746_1,Airport
071c900340ae47ada4980559019a134852_2,Public square
a9f93a0566274979b281152f101091fc46_2,Urban park
d9e08a394d344a509a42f27785f99e5a34_1,Traffic street
b82214202f9a4327874fd53e6d796cad13_2,Construction site
